low_text_content,n,accuracy
False,4748,0.36625947767481043
True,7,0.42857142857142855
