caps_bin,n,accuracy
"(-0.001, 0.026]",2383,0.3420058749475451
"(0.026, 0.0488]",1183,0.4429416737109045
"(0.0488, 1.0]",1189,0.3389402859545837
