has_emoji,n,accuracy
False,4573,0.36343756833588453
True,182,0.43956043956043955
