Accuracy,Macro_F1
0.36635120925341746,0.22253661256481108
